<?xml version="1.0" encoding="utf-8"?>
<!--/825594/1022334/2.50/2/3/Resistor/-->
<quadcept_library>
  <setting unit="mil" />
  <textstyle name="Default" height="47.244094488189" strokewidth="7.8740157480315" charwidth="47.244094488189" />
  <textstyle name="Dimension" height="19.6850393700787" strokewidth="0" charwidth="19.6850393700787" />
  <textstyle name="H127W0635TH00762" height="50" strokewidth="3" charwidth="25" />
  <textstyle name="H15W15TH02" height="59.0551181102362" strokewidth="7.8740157480315" charwidth="59.0551181102362" />
  <padstyle name="r345_345" surface="True" plated="False" isvia="False" nopaste="False" nomask="True" complex="False" holesize="0">
    <padshape layer="TOP" shape="rectangle" width="135.82677165354" height="135.82677165354" />
    <padshape layer="TOP_SOLDER_MASK" shape="rectangle" width="143.70078740157" height="143.70078740157" />
    <padshape layer="TOP_SOLDER_PASTE" shape="rectangle" width="135.82677165354" height="135.82677165354" />
  </padstyle>
  <footprint name="RESC6432X89N" originx="0" originy="0" pickpointx="0" pickpointy="0">
    <pcbpin number="1" name="1" style="r345_345" originx="-76.771653543306" originy="0" rotation="90" />
    <pcbpin number="2" name="2" style="r345_345" originx="76.771653543306" originy="0" rotation="90" />
    <line layer="TOP_PLACE_BOUND" originx="-154.52755905512" originy="78.740157480314" endx="154.52755905512" endy="78.740157480314" width="1.9685039370079" />
    <line layer="TOP_PLACE_BOUND" originx="154.52755905512" originy="78.740157480314" endx="154.52755905512" endy="-78.740157480314" width="1.9685039370079" />
    <line layer="TOP_PLACE_BOUND" originx="154.52755905512" originy="-78.740157480314" endx="-154.52755905512" endy="-78.740157480314" width="1.9685039370079" />
    <line layer="TOP_PLACE_BOUND" originx="-154.52755905512" originy="-78.740157480314" endx="-154.52755905512" endy="78.740157480314" width="1.9685039370079" />
    <line layer="TOP_ASSEMBLY" originx="-125" originy="62.59842519685" endx="125" endy="62.59842519685" width="3.9370078740157" />
    <line layer="TOP_ASSEMBLY" originx="125" originy="62.59842519685" endx="125" endy="-62.59842519685" width="3.9370078740157" />
    <line layer="TOP_ASSEMBLY" originx="125" originy="-62.59842519685" endx="-125" endy="-62.59842519685" width="3.9370078740157" />
    <line layer="TOP_ASSEMBLY" originx="-125" originy="-62.59842519685" endx="-125" endy="62.59842519685" width="3.9370078740157" />
  </footprint>
  <symbol name="WSLP2512L5000FEA" originx="0" originy="0">
    <line originx="200" originy="50" endx="500" endy="50" width="0" />
    <line originx="500" originy="-50" endx="500" endy="50" width="0" />
    <line originx="500" originy="-50" endx="200" endy="-50" width="0" />
    <line originx="200" originy="50" endx="200" endy="-50" width="0" />
    <sympin number="1" originx="200" originy="0" rotation="180" length="100" width="7.8740157480315" flipped="False">
      <text name="pinname" originx="0" originy="-10" style="Default" rotation="0" justify="upperleft" flipped="False" hidden="True" data="1" />
      <text name="pindes" originx="0" originy="10" style="Default" rotation="0" justify="lowerleft" flipped="False" hidden="False" data="1" />
    </sympin>
    <sympin number="2" originx="500" originy="0" rotation="0" length="100" width="7.8740157480315" flipped="False">
      <text name="pinname" originx="700" originy="-10" style="Default" rotation="0" justify="upperright" flipped="False" hidden="True" data="2" />
      <text name="pindes" originx="700" originy="10" style="Default" rotation="0" justify="lowerright" flipped="False" hidden="False" data="2" />
    </sympin>
  </symbol>
  <component name="WSLP2512L5000FEA" designatorprefix="R" height="35" footprint="RESC6432X89N">
    <comppin designator="1" sympin="1" pinswap="0" gateswap="0" gate="1" group="1" side="" type="Any" name="1" />
    <comppin designator="2" sympin="2" pinswap="0" gateswap="0" gate="1" group="1" side="" type="Any" name="2" />
    <attached_symbol gate="1" name="WSLP2512L5000FEA" />
    <pinmap designator="1" footprintpin="1" />
    <pinmap designator="2" footprintpin="2" />
    <text name="Datasheet" originx="0" originy="0" style="Default" rotation="0" justify="" flipped="False" hidden="True" data="https://componentsearchengine.com/Datasheets/1/WSLP2512L5000FEA.pdf" />
    <text name="Description" originx="0" originy="0" style="Default" rotation="0" justify="" flipped="False" hidden="True" data="VISHAY - WSLP2512L5000FEA - CURRENT SENSE RES, 0R0005, 1%, 3 W, 2512" />
    <text name="Mouser Part Number" originx="0" originy="0" style="Default" rotation="0" justify="" flipped="False" hidden="True" data="71-WSLP2512L5000FEA" />
    <text name="Mouser Price/Stock" originx="0" originy="0" style="Default" rotation="0" justify="" flipped="False" hidden="True" data="https://www.mouser.com/Search/Refine.aspx?Keyword=71-WSLP2512L5000FEA" />
    <text name="Manufacturer_Name" originx="0" originy="0" style="Default" rotation="0" justify="" flipped="False" hidden="True" data="Vishay" />
    <text name="Manufacturer_Part_Number" originx="550" originy="150" style="Default" rotation="0" justify="left" flipped="False" hidden="False" data="WSLP2512L5000FEA" />
  </component>
</quadcept_library>
