<?xml version="1.0" encoding="utf-8"?>
<!--/714267/1022334/2.50/6/4/Connector/-->
<quadcept_library>
  <setting unit="mil" />
  <textstyle name="Default" height="47.244094488189" strokewidth="7.8740157480315" charwidth="47.244094488189" />
  <textstyle name="Dimension" height="19.6850393700787" strokewidth="0" charwidth="19.6850393700787" />
  <textstyle name="H127W0635TH00762" height="50" strokewidth="3" charwidth="25" />
  <textstyle name="H15W15TH02" height="59.0551181102362" strokewidth="7.8740157480315" charwidth="59.0551181102362" />
  <padstyle name="c150_h100" surface="False" plated="True" isvia="False" nopaste="True" nomask="True" complex="False" holesize="39.370078740157">
    <padshape layer="TOP" shape="round" width="59.055118110235" height="59.055118110235" />
    <padshape layer="TOP_SOLDER_MASK" shape="round" width="66.929133858267" height="66.929133858267" />
    <padshape layer="INNER" shape="round" width="59.055118110235" height="59.055118110235" />
    <padshape layer="BOTTOM" shape="round" width="59.055118110235" height="59.055118110235" />
    <padshape layer="BOTTOM_SOLDER_MASK" shape="round" width="66.929133858267" height="66.929133858267" />
  </padstyle>
  <padstyle name="c357_h238" surface="False" plated="True" isvia="False" nopaste="True" nomask="True" complex="False" holesize="93.700787401574">
    <padshape layer="TOP" shape="round" width="140.55118110236" height="140.55118110236" />
    <padshape layer="TOP_SOLDER_MASK" shape="round" width="148.42519685039" height="148.42519685039" />
    <padshape layer="INNER" shape="round" width="140.55118110236" height="140.55118110236" />
    <padshape layer="BOTTOM" shape="round" width="140.55118110236" height="140.55118110236" />
    <padshape layer="BOTTOM_SOLDER_MASK" shape="round" width="148.42519685039" height="148.42519685039" />
  </padstyle>
  <footprint name="2923039" originx="0" originy="0" pickpointx="0" pickpointy="0">
    <pcbpin number="1" name="1" style="c150_h100" originx="-137.79527559055" originy="224.40944881889" rotation="90" />
    <pcbpin number="2" name="2" style="c150_h100" originx="-39.370078740157" originy="224.40944881889" rotation="90" />
    <pcbpin number="3" name="3" style="c150_h100" originx="39.370078740157" originy="224.40944881889" rotation="90" />
    <pcbpin number="4" name="4" style="c150_h100" originx="137.79527559055" originy="224.40944881889" rotation="90" />
    <pcbpin number="5" name="5" style="c357_h238" originx="-258.66141732283" originy="117.71653543307" rotation="90" />
    <pcbpin number="6" name="6" style="c357_h238" originx="258.66141732283" originy="117.71653543307" rotation="90" />
    <line layer="TOP_ASSEMBLY" originx="-246.06299212598" originy="264.17322834645" endx="246.06299212598" endy="264.17322834645" width="7.8740157480314" />
    <line layer="TOP_ASSEMBLY" originx="246.06299212598" originy="264.17322834645" endx="246.06299212598" endy="-287.00787401574" width="7.8740157480314" />
    <line layer="TOP_ASSEMBLY" originx="246.06299212598" originy="-287.00787401574" endx="-246.06299212598" endy="-287.00787401574" width="7.8740157480314" />
    <line layer="TOP_ASSEMBLY" originx="-246.06299212598" originy="-287.00787401574" endx="-246.06299212598" endy="264.17322834645" width="7.8740157480314" />
    <line layer="TOP_PLACE_BOUND" originx="-368.30708661417" originy="326.3779527559" endx="368.30708661417" endy="326.3779527559" width="3.9370078740157" />
    <line layer="TOP_PLACE_BOUND" originx="368.30708661417" originy="326.3779527559" endx="368.30708661417" endy="-326.3779527559" width="3.9370078740157" />
    <line layer="TOP_PLACE_BOUND" originx="368.30708661417" originy="-326.3779527559" endx="-368.30708661417" endy="-326.3779527559" width="3.9370078740157" />
    <line layer="TOP_PLACE_BOUND" originx="-368.30708661417" originy="-326.3779527559" endx="-368.30708661417" endy="326.3779527559" width="3.9370078740157" />
    <line layer="TOP_SILKSCREEN" originx="-246.06299212598" originy="11.023622047244" endx="-246.06299212598" endy="-287.00787401574" width="3.9370078740157" />
    <line layer="TOP_SILKSCREEN" originx="-246.06299212598" originy="-287.00787401574" endx="246.06299212598" endy="-287.00787401574" width="3.9370078740157" />
    <line layer="TOP_SILKSCREEN" originx="246.06299212598" originy="-287.00787401574" endx="246.06299212598" endy="11.023622047244" width="3.9370078740157" />
    <line layer="TOP_SILKSCREEN" originx="-246.06299212598" originy="224.40944881889" endx="-246.06299212598" endy="264.17322834645" width="3.9370078740157" />
    <line layer="TOP_SILKSCREEN" originx="-246.06299212598" originy="264.17322834645" endx="246.06299212598" endy="264.17322834645" width="3.9370078740157" />
    <line layer="TOP_SILKSCREEN" originx="246.06299212598" originy="264.17322834645" endx="246.06299212598" endy="224.40944881889" width="3.9370078740157" />
    <line layer="TOP_SILKSCREEN" originx="-141.73228346457" originy="283.07086614173" endx="-141.73228346457" endy="283.07086614173" width="7.8740157480314" />
    <arc layer="TOP_SILKSCREEN" originx="-137.79527559055" originy="283.07086614173" startangle="180.0" sweepangle="-180.0" radius="3.9370078740157" width="7.8740157480314" />
    <line layer="TOP_SILKSCREEN" originx="-133.85826771653" originy="283.07086614173" endx="-133.85826771653" endy="283.07086614173" width="7.8740157480314" />
    <arc layer="TOP_SILKSCREEN" originx="-137.79527559055" originy="283.07086614173" startangle=".0" sweepangle="-180.0" radius="3.9370078740157" width="7.8740157480314" />
  </footprint>
  <symbol name="292303-9" originx="0" originy="0">
    <line originx="200" originy="100" endx="600" endy="100" width="0" />
    <line originx="600" originy="-400" endx="600" endy="100" width="0" />
    <line originx="600" originy="-400" endx="200" endy="-400" width="0" />
    <line originx="200" originy="100" endx="200" endy="-400" width="0" />
    <sympin number="1" originx="600" originy="0" rotation="0" length="100" width="7.8740157480315" flipped="False">
      <text name="pinname" originx="570" originy="0" style="Default" rotation="0" justify="right" flipped="False" hidden="False" data="1" />
      <text name="pindes" originx="660" originy="20" style="Default" rotation="0" justify="lowerleft" flipped="False" hidden="False" data="1" />
    </sympin>
    <sympin number="2" originx="600" originy="-100" rotation="0" length="100" width="7.8740157480315" flipped="False">
      <text name="pinname" originx="570" originy="-100" style="Default" rotation="0" justify="right" flipped="False" hidden="False" data="2" />
      <text name="pindes" originx="660" originy="-80" style="Default" rotation="0" justify="lowerleft" flipped="False" hidden="False" data="2" />
    </sympin>
    <sympin number="3" originx="600" originy="-200" rotation="0" length="100" width="7.8740157480315" flipped="False">
      <text name="pinname" originx="570" originy="-200" style="Default" rotation="0" justify="right" flipped="False" hidden="False" data="3" />
      <text name="pindes" originx="660" originy="-180" style="Default" rotation="0" justify="lowerleft" flipped="False" hidden="False" data="3" />
    </sympin>
    <sympin number="4" originx="600" originy="-300" rotation="0" length="100" width="7.8740157480315" flipped="False">
      <text name="pinname" originx="570" originy="-300" style="Default" rotation="0" justify="right" flipped="False" hidden="False" data="4" />
      <text name="pindes" originx="660" originy="-280" style="Default" rotation="0" justify="lowerleft" flipped="False" hidden="False" data="4" />
    </sympin>
    <sympin number="5" originx="200" originy="0" rotation="180" length="100" width="7.8740157480315" flipped="False">
      <text name="pinname" originx="230" originy="0" style="Default" rotation="0" justify="left" flipped="False" hidden="False" data="5" />
      <text name="pindes" originx="140" originy="20" style="Default" rotation="0" justify="lowerright" flipped="False" hidden="False" data="5" />
    </sympin>
    <sympin number="6" originx="200" originy="-100" rotation="180" length="100" width="7.8740157480315" flipped="False">
      <text name="pinname" originx="230" originy="-100" style="Default" rotation="0" justify="left" flipped="False" hidden="False" data="6" />
      <text name="pindes" originx="140" originy="-80" style="Default" rotation="0" justify="lowerright" flipped="False" hidden="False" data="6" />
    </sympin>
  </symbol>
  <component name="292303-9" designatorprefix="J" height="275.5905511811" footprint="2923039">
    <comppin designator="1" sympin="1" pinswap="0" gateswap="0" gate="1" group="1" side="" type="Any" name="1" />
    <comppin designator="2" sympin="2" pinswap="0" gateswap="0" gate="1" group="1" side="" type="Any" name="2" />
    <comppin designator="3" sympin="3" pinswap="0" gateswap="0" gate="1" group="1" side="" type="Any" name="3" />
    <comppin designator="4" sympin="4" pinswap="0" gateswap="0" gate="1" group="1" side="" type="Any" name="4" />
    <comppin designator="5" sympin="5" pinswap="0" gateswap="0" gate="1" group="1" side="" type="Any" name="5" />
    <comppin designator="6" sympin="6" pinswap="0" gateswap="0" gate="1" group="1" side="" type="Any" name="6" />
    <attached_symbol gate="1" name="292303-9" />
    <pinmap designator="1" footprintpin="1" />
    <pinmap designator="2" footprintpin="2" />
    <pinmap designator="3" footprintpin="3" />
    <pinmap designator="4" footprintpin="4" />
    <pinmap designator="5" footprintpin="5" />
    <pinmap designator="6" footprintpin="6" />
    <text name="Datasheet" originx="0" originy="0" style="Default" rotation="0" justify="" flipped="False" hidden="True" data="http://www.te.com/commerce/DocumentDelivery/DDEController?Action=srchrtrv&amp;DocNm=292303&amp;DocType=Customer Drawing&amp;DocLang=English&amp;DocFormat=pdf&amp;PartCntxt=292303-9" />
    <text name="Description" originx="0" originy="0" style="Default" rotation="0" justify="" flipped="False" hidden="True" data="AMP - TE CONNECTIVITY - 292303-9 - USB CONNECTOR, 2.0 TYPE A, RCPT, SMT" />
    <text name="Mouser Part Number" originx="0" originy="0" style="Default" rotation="0" justify="" flipped="False" hidden="True" data="571-292303-9" />
    <text name="Mouser Price/Stock" originx="0" originy="0" style="Default" rotation="0" justify="" flipped="False" hidden="True" data="https://www.mouser.co.uk/ProductDetail/TE-Connectivity/292303-9?qs=WBj8811fzwEQB%252BEcKzEz4Q%3D%3D" />
    <text name="Manufacturer_Name" originx="0" originy="0" style="Default" rotation="0" justify="" flipped="False" hidden="True" data="TE Connectivity" />
    <text name="Manufacturer_Part_Number" originx="650" originy="200" style="Default" rotation="0" justify="left" flipped="False" hidden="False" data="292303-9" />
  </component>
</quadcept_library>
